book_id,isbn_10,isbn_13,open_library_id,google_books_id,title,subtitle,series_name,volume_number,edition,publisher_id,pub_year,publication_date,language_code,language_name,genre,subgenre,shelf_location,total_copies,available_copies,status,description,num_pages,reading_time_minutes,cover_image_url,thumbnail_url,large_cover_url,preview_link,info_link,avg_rating,rating_count,review_count,popularity_score,popularity_rank,historical_period,country_setting,time_setting,borrow_count,reservation_count,last_borrowed_date,availability_score
1,0061120081,9780061120084,,,To Kill a Mockingbird,,,,,PUB1,1960,,en,English,Literary Fiction,Coming-of-Age,A-16,5,0,Borrowed,"A young girl in a small Alabama town watches her father, a principled lawyer, defend a Black man falsely accused of a crime, and comes to understand prejudice, courage, and moral growth in her community.",336,370,https://covers.openlibrary.org/b/isbn/9780061120084-L.jpg,https://covers.openlibrary.org/b/isbn/9780061120084-M.jpg,https://covers.openlibrary.org/b/isbn/9780061120084-L.jpg,,,4.3,5200000,98569,0.916,3,1930s,USA,1930s,333,23,,0.4891
2,0743273567,9780743273565,,,The Great Gatsby,,,,,PUB2,1925,,en,English,Literary Fiction,Tragedy,C-31,8,1,Available,"A mysterious millionaire's obsessive pursuit of a lost love unfolds against the excess of the Jazz Age, exposing the hollowness beneath the American Dream.",180,198,https://covers.openlibrary.org/b/isbn/9780743273565-L.jpg,https://covers.openlibrary.org/b/isbn/9780743273565-M.jpg,https://covers.openlibrary.org/b/isbn/9780743273565-L.jpg,,,3.9,4700000,61923,0.844,5,1920s,USA,1920s,280,3,,0.5132
3,1400033411,9781400033416,,,Beloved,,,,,PUB3,1987,,en,English,Literary Fiction,Historical,B-33,7,7,Available,"A formerly enslaved woman is haunted, literally and figuratively, by the trauma of her past when a mysterious young woman arrives at her home.",324,356,https://covers.openlibrary.org/b/isbn/9781400033416-L.jpg,https://covers.openlibrary.org/b/isbn/9781400033416-M.jpg,https://covers.openlibrary.org/b/isbn/9781400033416-L.jpg,,,3.9,350000,1432,0.496,78,Post-Civil War,USA,1870s,195,12,,0.7648
4,159463193X,9781594631931,,,The Kite Runner,,,,,PUB4,2003,,en,English,Literary Fiction,Historical,A-29,7,7,Available,"A boy's betrayal of his closest friend in Kabul haunts him into adulthood, driving a journey of guilt, war, and an attempt at redemption decades later.",371,408,https://covers.openlibrary.org/b/isbn/9781594631931-L.jpg,https://covers.openlibrary.org/b/isbn/9781594631931-M.jpg,https://covers.openlibrary.org/b/isbn/9781594631931-L.jpg,,,4.3,2900000,10217,0.748,11,Late 20th century,Afghanistan,1970s-2000s,371,28,,0.8994
5,0441172717,9780441172719,,,Dune,,,,,PUB5,1965,,en,English,Science Fiction,Space Opera,C-05,7,4,Available,"On a desert planet that is the sole source of a universe-altering substance, a young heir becomes entangled in prophecy, ecology, and interstellar politics.",412,453,https://covers.openlibrary.org/b/isbn/9780441172719-L.jpg,https://covers.openlibrary.org/b/isbn/9780441172719-M.jpg,https://covers.openlibrary.org/b/isbn/9780441172719-L.jpg,,,4.25,1200000,5547,0.606,26,Future,Fictional/Arrakis,Distant Future,242,23,,0.6093
6,0593135202,9780593135204,,,Project Hail Mary,,,,,PUB6,2021,,en,English,Science Fiction,Hard Sci-Fi,A-24,3,2,Available,"A lone astronaut wakes with no memory on a solo mission to save Earth from an extinction-level threat, and must solve science-driven puzzles to survive.",496,546,https://covers.openlibrary.org/b/isbn/9780593135204-L.jpg,https://covers.openlibrary.org/b/isbn/9780593135204-M.jpg,https://covers.openlibrary.org/b/isbn/9780593135204-L.jpg,,,4.5,750000,3641,0.6,30,Near Future,Space/Earth,Near Future,375,16,,0.6537
7,0441569595,9780441569595,,,Neuromancer,,,,,PUB7,1984,,en,English,Science Fiction,Cyberpunk,D-23,2,1,Available,A washed-up computer hacker is hired for one last job that pulls him into a dangerous conspiracy involving artificial intelligence and corporate power.,271,298,https://covers.openlibrary.org/b/isbn/9780441569595-L.jpg,https://covers.openlibrary.org/b/isbn/9780441569595-M.jpg,https://covers.openlibrary.org/b/isbn/9780441569595-L.jpg,,,3.9,210000,3503,0.4848,84,Future,Global/Cyberspace,Near Future,135,10,,0.5089
8,0812550706,9780812550702,,,Ender's Game,,,,,PUB8,1985,,en,English,Science Fiction,Military Sci-Fi,D-32,2,0,Borrowed,"A gifted child is trained in a brutal military academy to command Earth's fleet against an alien threat, at steep personal and moral cost.",324,356,https://covers.openlibrary.org/b/isbn/9780812550702-L.jpg,https://covers.openlibrary.org/b/isbn/9780812550702-M.jpg,https://covers.openlibrary.org/b/isbn/9780812550702-L.jpg,,,4.3,1500000,10684,0.636,21,Future,Earth/Space,Future,118,9,,0.3396
9,054792822X,9780547928227,,,The Hobbit,,,,,PUB9,1937,,en,English,Fantasy,High Fantasy,F-14,2,2,Available,"A reluctant, home-loving hobbit is swept into a quest with a band of dwarves to reclaim treasure guarded by a dragon, discovering unexpected courage along the way.",310,341,https://covers.openlibrary.org/b/isbn/9780547928227-L.jpg,https://covers.openlibrary.org/b/isbn/9780547928227-M.jpg,https://covers.openlibrary.org/b/isbn/9780547928227-L.jpg,,,4.28,3400000,43233,0.7856,8,Mythic Past,Middle-earth,Fantasy World,168,20,,0.9195
10,0553573403,9780553573404,,,A Game of Thrones,,,,,PUB10,1996,,en,English,Fantasy,Epic Fantasy,F-14,3,1,Available,"Noble houses vie for control of a fractured kingdom while an ancient threat stirs beyond a great northern wall, in a story of politics, betrayal, and war.",694,763,https://covers.openlibrary.org/b/isbn/9780553573404-L.jpg,https://covers.openlibrary.org/b/isbn/9780553573404-M.jpg,https://covers.openlibrary.org/b/isbn/9780553573404-L.jpg,,,4.44,2400000,46763,0.7248,12,Medieval-inspired,Westeros (Fictional),Fantasy World,194,7,,0.5537
11,0756404746,9780756404741,,,The Name of the Wind,,,,,PUB11,2007,,en,English,Fantasy,Epic Fantasy,B-30,5,2,Available,"A legendary figure recounts his own life story, from a childhood in a traveling troupe to his years of poverty and study at a university of magic.",662,728,https://covers.openlibrary.org/b/isbn/9780756404741-L.jpg,https://covers.openlibrary.org/b/isbn/9780756404741-M.jpg,https://covers.openlibrary.org/b/isbn/9780756404741-L.jpg,,,4.53,900000,16307,0.6156,24,Medieval-inspired,Fictional World,Fantasy World,267,17,,0.5287
12,0316556343,9780316556347,,,Circe,,,,,PUB12,2018,,en,English,Fantasy,Mythological Fiction,A-35,2,2,Available,"A minor goddess exiled for her unruly power comes into her own on a lonely island, crossing paths with figures from Greek myth and forging her own fate.",393,432,https://covers.openlibrary.org/b/isbn/9780316556347-L.jpg,https://covers.openlibrary.org/b/isbn/9780316556347-M.jpg,https://covers.openlibrary.org/b/isbn/9780316556347-L.jpg,,,4.28,650000,8641,0.5656,41,Ancient,Greece (Mythical),Ancient,357,22,,0.802
13,0307588378,9780307588371,,,Gone Girl,,,,,PUB13,2012,,en,English,Mystery/Thriller,Psychological Thriller,D-21,4,4,Available,"When a woman vanishes on her wedding anniversary, suspicion falls on her husband, and the unraveling truth reveals a marriage built on deception.",419,461,https://covers.openlibrary.org/b/isbn/9780307588371-L.jpg,https://covers.openlibrary.org/b/isbn/9780307588371-M.jpg,https://covers.openlibrary.org/b/isbn/9780307588371-L.jpg,,,4.11,2600000,20030,0.7012,14,Contemporary,USA,Present Day,187,14,,0.8744
14,1250301696,9781250301697,,,The Silent Patient,,,,,PUB14,2019,,en,English,Mystery/Thriller,Psychological Thriller,C-03,1,1,Available,"A woman stops speaking after allegedly murdering her husband, and the psychotherapist determined to treat her uncovers a shocking hidden motive.",336,370,https://covers.openlibrary.org/b/isbn/9781250301697-L.jpg,https://covers.openlibrary.org/b/isbn/9781250301697-M.jpg,https://covers.openlibrary.org/b/isbn/9781250301697-L.jpg,,,4.15,1300000,21724,0.602,29,Contemporary,UK,Present Day,51,13,,0.8214
15,0307474275,9780307474278,,,The Da Vinci Code,,,,,PUB15,2003,,en,English,Mystery/Thriller,Conspiracy Thriller,C-35,6,6,Available,"A symbologist races across Europe to decode clues hidden in famous artworks, unraveling a centuries-old secret tied to a powerful religious mystery.",489,538,https://covers.openlibrary.org/b/isbn/9780307474278-L.jpg,https://covers.openlibrary.org/b/isbn/9780307474278-M.jpg,https://covers.openlibrary.org/b/isbn/9780307474278-L.jpg,,,3.87,2100000,17622,0.6324,22,Contemporary,France/UK,Present Day,5,5,,0.8377
16,0143113496,9780143113492,,,In the Woods,,,,,PUB16,2007,,en,English,Mystery/Thriller,Detective Fiction,F-37,5,3,Available,A detective investigating a child's murder in his hometown must confront the unsolved disappearance of his own childhood friends decades earlier.,429,472,https://covers.openlibrary.org/b/isbn/9780143113492-L.jpg,https://covers.openlibrary.org/b/isbn/9780143113492-M.jpg,https://covers.openlibrary.org/b/isbn/9780143113492-L.jpg,,,3.86,280000,985,0.4856,83,Contemporary,Ireland,Present Day,384,1,,0.5593
17,0440212561,9780440212560,,,Outlander,,,,,PUB17,1991,,en,English,Romance,Time-Travel Romance,D-31,3,3,Available,"A World War II nurse is mysteriously transported to 18th-century Scotland, where she is torn between two centuries and two very different loves.",627,690,https://covers.openlibrary.org/b/isbn/9780440212560-L.jpg,https://covers.openlibrary.org/b/isbn/9780440212560-M.jpg,https://covers.openlibrary.org/b/isbn/9780440212560-L.jpg,,,4.25,900000,14781,0.582,38,1740s,Scotland,1940s/1740s,90,12,,0.8108
18,0143124544,9780143124542,,,Me Before You,,,,,PUB18,2012,,en,English,Romance,Contemporary Romance,C-14,2,2,Available,A young woman hired to care for a paralyzed former businessman forms an unexpected bond with him that challenges both their views on how to live.,369,406,https://covers.openlibrary.org/b/isbn/9780143124542-L.jpg,https://covers.openlibrary.org/b/isbn/9780143124542-M.jpg,https://covers.openlibrary.org/b/isbn/9780143124542-L.jpg,,,4.24,1600000,1358,0.6368,19,Contemporary,UK,Present Day,110,20,,0.84
19,0062439596,9780062439598,,,The Hating Game,,,,,PUB19,2016,,en,English,Romance,Romantic Comedy,D-20,1,1,Available,Two rival co-workers locked in a relentless office feud discover their antagonism is masking a very different kind of tension.,384,422,https://covers.openlibrary.org/b/isbn/9780062439598-L.jpg,https://covers.openlibrary.org/b/isbn/9780062439598-M.jpg,https://covers.openlibrary.org/b/isbn/9780062439598-L.jpg,,,4.13,500000,3596,0.5356,58,Contemporary,USA,Present Day,19,5,,0.786
20,1501110365,9781501110368,,,It Ends with Us,,,,,PUB20,2016,,en,English,Romance,Contemporary Romance,A-35,5,2,Available,A young woman's whirlwind romance forces her to confront patterns of abuse she witnessed in her own childhood and to make a difficult choice about her future.,384,422,https://covers.openlibrary.org/b/isbn/9781501110368-L.jpg,https://covers.openlibrary.org/b/isbn/9781501110368-M.jpg,https://covers.openlibrary.org/b/isbn/9781501110368-L.jpg,,,4.25,2500000,46420,0.71,13,Contemporary,USA,Present Day,388,6,,0.5791
21,0062316095,9780062316097,,,Sapiens: A Brief History of Humankind,,,,,PUB21,2014,,en,English,Nonfiction,Popular Science/History,B-39,4,0,Borrowed,"A sweeping account of how Homo sapiens came to dominate the planet, tracing the cognitive, agricultural, and scientific revolutions that shaped civilization.",443,487,https://covers.openlibrary.org/b/isbn/9780062316097-L.jpg,https://covers.openlibrary.org/b/isbn/9780062316097-M.jpg,https://covers.openlibrary.org/b/isbn/9780062316097-L.jpg,,,4.37,1400000,25707,0.6364,20,All of human history,Global,Non-fiction/Timeless,59,11,,0.3398
22,0553380168,9780553380163,,,A Brief History of Time,,,,,PUB22,1988,,en,English,Nonfiction,Popular Science,F-23,1,1,Available,"A physicist explains the origins of the universe, black holes, and the nature of time and space in terms accessible to general readers.",256,282,https://covers.openlibrary.org/b/isbn/9780553380163-L.jpg,https://covers.openlibrary.org/b/isbn/9780553380163-M.jpg,https://covers.openlibrary.org/b/isbn/9780553380163-L.jpg,,,4.18,750000,16,0.5616,44,Non-fiction,Global,Non-fiction/Timeless,448,4,,0.7999
23,0374533555,9780374533557,,,"Thinking, Fast and Slow",,,,,PUB23,2011,,en,English,Nonfiction,Psychology,F-36,6,1,Available,"A Nobel laureate explains the two systems that drive human thought — fast, intuitive judgment and slow, deliberate reasoning — and where each fails us.",499,549,https://covers.openlibrary.org/b/isbn/9780374533557-L.jpg,https://covers.openlibrary.org/b/isbn/9780374533557-M.jpg,https://covers.openlibrary.org/b/isbn/9780374533557-L.jpg,,,4.19,550000,7969,0.5468,50,Non-fiction,Global,Non-fiction/Timeless,374,25,,0.3753
24,0735211299,9780735211292,,,Atomic Habits,An Easy & Proven Way to Build Good Habits & Break Bad Ones,,,,PUB24,2018,,en,English,Nonfiction,Self-Help/Productivity,F-12,2,1,Available,"A practical guide to building better habits through small, consistent changes, grounded in behavioral science and real-world examples.",320,352,https://covers.openlibrary.org/b/isbn/9780735211292-L.jpg,https://covers.openlibrary.org/b/isbn/9780735211292-M.jpg,https://covers.openlibrary.org/b/isbn/9780735211292-L.jpg,,,4.37,800000,13164,0.5884,37,Non-fiction,Global,Non-fiction/Timeless,369,15,,0.5642
25,0553296981,9780553296983,,,The Diary of a Young Girl,,,,,PUB25,1947,,en,English,Biography,Memoir/History,C-21,7,4,Available,"The personal diary of a Jewish teenager hiding with her family in Amsterdam during the Nazi occupation, offering a firsthand account of hope amid horror.",283,311,https://covers.openlibrary.org/b/isbn/9780553296983-L.jpg,https://covers.openlibrary.org/b/isbn/9780553296983-M.jpg,https://covers.openlibrary.org/b/isbn/9780553296983-L.jpg,,,4.16,3200000,5631,0.7552,9,1940s,Netherlands,1940s,209,2,,0.689
26,0393317552,9780393317558,,,"Guns, Germs, and Steel",The Fates of Human Societies,,,,PUB26,1997,,en,English,Nonfiction,History/Anthropology,F-38,7,4,Available,"An exploration of why some societies developed technology and empire faster than others, argued through geography, agriculture, and disease rather than race.",480,528,https://covers.openlibrary.org/b/isbn/9780393317558-L.jpg,https://covers.openlibrary.org/b/isbn/9780393317558-M.jpg,https://covers.openlibrary.org/b/isbn/9780393317558-L.jpg,,,4.03,350000,3303,0.5116,72,All of human history,Global,Non-fiction/Timeless,218,24,,0.5589
27,1451648537,9781451648539,,,Steve Jobs,,,,,PUB27,2011,,en,English,Biography,Business Biography,E-09,3,2,Available,"An authorized biography of Apple's co-founder, drawing on extensive interviews to portray his creative vision, perfectionism, and complicated personal life.",656,722,https://covers.openlibrary.org/b/isbn/9781451648539-L.jpg,https://covers.openlibrary.org/b/isbn/9781451648539-M.jpg,https://covers.openlibrary.org/b/isbn/9781451648539-L.jpg,,,4.18,500000,4053,0.5416,51,Late 20th-early 21st century,USA,1970s-2010s,330,3,,0.6225
28,1400064163,9781400064168,,,Unbroken,"A World War II Story of Survival, Resilience, and Redemption",,,,PUB28,2010,,en,English,Biography,War History,E-06,8,4,Available,"An Olympic runner turned WWII airman survives a plane crash, weeks adrift at sea, and years in brutal prisoner-of-war camps in a story of endurance.",473,520,https://covers.openlibrary.org/b/isbn/9781400064168-L.jpg,https://covers.openlibrary.org/b/isbn/9781400064168-M.jpg,https://covers.openlibrary.org/b/isbn/9781400064168-L.jpg,,,4.45,750000,2177,0.594,32,1940s,Pacific Theater,1940s,470,30,,0.5672
29,0671027034,9780671027032,,,How to Win Friends and Influence People,,,,,PUB27,1936,,en,English,Self-Help,Communication,D-13,1,0,Borrowed,"A foundational guide to building rapport, handling people diplomatically, and communicating persuasively in personal and professional relationships.",291,320,https://covers.openlibrary.org/b/isbn/9780671027032-L.jpg,https://covers.openlibrary.org/b/isbn/9780671027032-M.jpg,https://covers.openlibrary.org/b/isbn/9780671027032-L.jpg,,,4.2,750000,8767,0.564,43,Non-fiction,Global,Non-fiction/Timeless,221,10,,0.3012
30,1612680194,9781612680194,,,Rich Dad Poor Dad,,,,,PUB29,1997,,en,English,Business,Personal Finance,C-20,4,0,Borrowed,"Contrasting lessons from two father figures illustrate different attitudes toward money, assets, and financial independence.",336,370,https://covers.openlibrary.org/b/isbn/9781612680194-L.jpg,https://covers.openlibrary.org/b/isbn/9781612680194-M.jpg,https://covers.openlibrary.org/b/isbn/9781612680194-L.jpg,,,4.09,600000,11342,0.5388,55,Non-fiction,Global,Non-fiction/Timeless,453,5,,0.2877
31,0307887898,9780307887894,,,The Lean Startup,,,,,PUB30,2011,,en,English,Business,Entrepreneurship,C-13,8,8,Available,"A methodology for building startups through rapid experimentation, validated learning, and iterative product development rather than big upfront planning.",336,370,https://covers.openlibrary.org/b/isbn/9780307887894-L.jpg,https://covers.openlibrary.org/b/isbn/9780307887894-M.jpg,https://covers.openlibrary.org/b/isbn/9780307887894-L.jpg,,,4.08,210000,3968,0.5064,75,Non-fiction,Global,Non-fiction/Timeless,386,4,,0.7704
32,1501111108,9781501111112,,,Grit,The Power of Passion and Perseverance,,,,PUB31,2016,,en,English,Self-Help,Psychology,D-02,7,1,Available,"A psychologist argues that sustained passion and perseverance, more than talent, predict long-term achievement, drawing on research and case studies.",352,387,https://covers.openlibrary.org/b/isbn/9781501111112-L.jpg,https://covers.openlibrary.org/b/isbn/9781501111112-M.jpg,https://covers.openlibrary.org/b/isbn/9781501111112-L.jpg,,,4.1,200000,3392,0.508,73,Non-fiction,Global,Non-fiction/Timeless,89,21,,0.3427
33,0525478817,9780525478812,,,The Fault in Our Stars,,,,,PUB32,2012,,en,English,Young Adult,Contemporary Romance,B-39,3,0,Borrowed,"Two teenagers who meet at a cancer support group fall in love while grappling with mortality, meaning, and what it means to leave a mark on the world.",313,344,https://covers.openlibrary.org/b/isbn/9780525478812-L.jpg,https://covers.openlibrary.org/b/isbn/9780525478812-M.jpg,https://covers.openlibrary.org/b/isbn/9780525478812-L.jpg,,,4.13,4700000,19886,0.8716,4,Contemporary,USA,Present Day,253,1,,0.4654
34,0439023521,9780439023528,,,The Hunger Games,,,,,PUB33,2008,,en,English,Young Adult,Dystopian,B-36,5,5,Available,"In a totalitarian nation, a teenage girl volunteers to take her sister's place in a televised fight to the death, sparking rebellion against the ruling elite.",374,411,https://covers.openlibrary.org/b/isbn/9780439023528-L.jpg,https://covers.openlibrary.org/b/isbn/9780439023528-M.jpg,https://covers.openlibrary.org/b/isbn/9780439023528-L.jpg,,,4.33,8000000,125570,0.9196,2,Future,Fictional/Panem,Post-Apocalyptic,301,18,,0.991
35,0590353403,9780590353427,,,Harry Potter and the Sorcerer's Stone,,,,,PUB34,1997,,en,English,Young Adult,Fantasy,E-15,2,1,Available,"An orphaned boy discovers he is a wizard on his eleventh birthday and enrolls in a magical school, where he begins uncovering the truth about his past.",309,340,https://covers.openlibrary.org/b/isbn/9780590353427-L.jpg,https://covers.openlibrary.org/b/isbn/9780590353427-M.jpg,https://covers.openlibrary.org/b/isbn/9780590353427-L.jpg,,,4.47,9500000,114687,0.9364,1,Contemporary,UK,1990s,388,13,,0.75
36,0786838655,9780786838653,,,Percy Jackson and the Lightning Thief,,,,,PUB35,2005,,en,English,Young Adult,Mythological Fantasy,E-04,4,2,Available,A boy discovers he is the son of a Greek god and is drawn into a quest across modern America to prevent a war among the gods of Olympus.,377,415,https://covers.openlibrary.org/b/isbn/9780786838653-L.jpg,https://covers.openlibrary.org/b/isbn/9780786838653-M.jpg,https://covers.openlibrary.org/b/isbn/9780786838653-L.jpg,,,4.28,2200000,28423,0.6896,16,Contemporary,USA,Present Day,108,12,,0.6182
37,0061124958,9780061124952,,,Charlotte's Web,,,,,PUB36,1952,,en,English,Children'S,Animal Fiction,F-37,4,3,Available,"A spider befriends a young pig destined for slaughter and uses clever wordplay in her web to save his life, a story of friendship and sacrifice.",184,202,https://covers.openlibrary.org/b/isbn/9780061124952-L.jpg,https://covers.openlibrary.org/b/isbn/9780061124952-M.jpg,https://covers.openlibrary.org/b/isbn/9780061124952-L.jpg,,,4.19,1300000,9453,0.6068,25,Mid-20th century,USA,1950s,340,13,,0.699
38,0064431789,9780064431781,,,Where the Wild Things Are,,,,,PUB37,1963,,en,English,Children'S,Picture Book,B-06,8,0,Borrowed,"A misbehaving boy sails to an island of monstrous creatures who crown him their king, before he chooses to return home to where he is loved.",48,53,https://covers.openlibrary.org/b/isbn/9780064431781-L.jpg,https://covers.openlibrary.org/b/isbn/9780064431781-M.jpg,https://covers.openlibrary.org/b/isbn/9780064431781-L.jpg,,,4.24,350000,3662,0.5368,56,Mid-20th century,Fictional/USA,Timeless,263,5,,0.2866
39,0142410373,9780142410370,,,Matilda,,,,,PUB38,1988,,en,English,Children'S,Fantasy,E-40,1,1,Available,"A brilliant, neglected girl with a gift for telepathy uses her wits and hidden powers to stand up to her cruel family and a tyrannical headmistress.",240,264,https://covers.openlibrary.org/b/isbn/9780142410370-L.jpg,https://covers.openlibrary.org/b/isbn/9780142410370-M.jpg,https://covers.openlibrary.org/b/isbn/9780142410370-L.jpg,,,4.29,1300000,14015,0.6188,23,Contemporary,UK,1980s,200,3,,0.8304
40,0399226907,9780399226908,,,The Very Hungry Caterpillar,,,,,PUB39,1969,,en,English,Children'S,Picture Book,E-24,4,2,Available,"A tiny caterpillar eats its way through a week of different foods before transforming into a butterfly, in a simple story about growth and change.",26,29,https://covers.openlibrary.org/b/isbn/9780399226908-L.jpg,https://covers.openlibrary.org/b/isbn/9780399226908-M.jpg,https://covers.openlibrary.org/b/isbn/9780399226908-L.jpg,,,4.34,550000,3120,0.5648,42,Timeless,Global,Timeless,272,10,,0.5516
41,1501142976,9781501142970,,,It,,,,,PUB16,1986,,en,English,Horror,Supernatural Horror,D-25,7,2,Available,"A group of childhood friends reunite as adults to confront a shape-shifting entity that preys on children in their hometown, decades after their first encounter.",1138,1252,https://covers.openlibrary.org/b/isbn/9781501142970-L.jpg,https://covers.openlibrary.org/b/isbn/9781501142970-M.jpg,https://covers.openlibrary.org/b/isbn/9781501142970-L.jpg,,,4.25,1200000,16229,0.606,27,Mixed 1950s/1980s,USA,1950s-1980s,125,20,,0.4664
42,0486411095,9780486411095,,,Dracula,,,,,PUB40,1897,,en,English,Horror,Gothic Horror,E-29,8,4,Available,A Transylvanian count's plan to spread his curse to England is opposed by a small group who must learn his supernatural weaknesses to stop him.,418,460,https://covers.openlibrary.org/b/isbn/9780486411095-L.jpg,https://covers.openlibrary.org/b/isbn/9780486411095-M.jpg,https://covers.openlibrary.org/b/isbn/9780486411095-L.jpg,,,4.02,900000,10770,0.5544,48,Victorian,England/Transylvania,1890s,412,20,,0.546
43,0307743659,9780307743657,,,The Shining,,,,,PUB15,1977,,en,English,Horror,Psychological Horror,D-07,1,0,Borrowed,"A writer takes a winter caretaking job at an isolated, haunted hotel, where supernatural forces exploit his personal demons and endanger his family.",447,492,https://covers.openlibrary.org/b/isbn/9780307743657-L.jpg,https://covers.openlibrary.org/b/isbn/9780307743657-M.jpg,https://covers.openlibrary.org/b/isbn/9780307743657-L.jpg,,,4.26,1000000,9986,0.5912,36,Contemporary (1970s),USA,1970s,302,8,,0.3157
44,0486282112,9780486282114,,,Frankenstein,"Or, The Modern Prometheus",,,,PUB41,1818,,en,English,Horror,Gothic/Science Fiction,F-07,1,1,Available,"A scientist's creation of an artificial being ends in tragedy, raising early questions about ambition, responsibility, and what makes someone monstrous.",280,308,https://covers.openlibrary.org/b/isbn/9780486282114-L.jpg,https://covers.openlibrary.org/b/isbn/9780486282114-M.jpg,https://covers.openlibrary.org/b/isbn/9780486282114-L.jpg,,,3.87,1200000,19034,0.5604,45,Romantic era,Europe,Late 1700s,152,30,,0.7992
45,0141439513,9780141439518,,,Pride and Prejudice,,,,,PUB42,1813,,en,English,Classics,Romantic Fiction,E-14,6,2,Available,"A sharp-witted young woman navigates courtship, family expectations, and her own pride and misjudgments as she comes to reconsider a proud suitor.",432,475,https://covers.openlibrary.org/b/isbn/9780141439518-L.jpg,https://covers.openlibrary.org/b/isbn/9780141439518-M.jpg,https://covers.openlibrary.org/b/isbn/9780141439518-L.jpg,,,4.28,3600000,51599,0.8016,7,Regency era,England,Early 1800s,323,4,,0.5947
46,0451524934,9780451524935,,,1984,,,,,PUB43,1949,,en,English,Classics,Dystopian,C-28,3,1,Available,"In a totalitarian superstate under constant surveillance, a low-level worker begins to question the regime's control over truth, language, and thought.",328,361,https://covers.openlibrary.org/b/isbn/9780451524935-L.jpg,https://covers.openlibrary.org/b/isbn/9780451524935-M.jpg,https://covers.openlibrary.org/b/isbn/9780451524935-L.jpg,,,4.19,4200000,17804,0.8388,6,Future (from 1949),Fictional/Oceania,Dystopian,23,15,,0.6146
47,1400079985,9781400079988,,,War and Peace,,,,,PUB44,1869,,en,English,Classics,Historical Fiction,B-12,1,0,Borrowed,"Interweaving the lives of several Russian aristocratic families during the Napoleonic Wars, the novel explores love, fate, and the meaning of history.",1225,1348,https://covers.openlibrary.org/b/isbn/9781400079988-L.jpg,https://covers.openlibrary.org/b/isbn/9781400079988-M.jpg,https://covers.openlibrary.org/b/isbn/9781400079988-L.jpg,,,4.13,350000,1655,0.5236,66,Napoleonic era,Russia,Early 1800s,386,4,,0.2796
48,,,,,Leaves of Grass,,,,,PUB45,1855,,en,English,Classics,Poetry,C-11,8,1,Available,"A landmark poetry collection celebrating individuality, democracy, nature, and the human body in free verse that broke from formal poetic convention.",95,104,,,,,,4.06,45000,824,0.4908,81,19th century,USA,1850s,328,13,,0.3246
49,0140268863,9780140268867,,,The Odyssey,,,,,PUB46,,,en,English,Classics,Epic Poetry,F-40,1,1,Available,"After the fall of Troy, a Greek king spends ten years journeying home, facing monsters, gods, and temptation while his wife fends off suitors.",541,595,https://covers.openlibrary.org/b/isbn/9780140268867-L.jpg,https://covers.openlibrary.org/b/isbn/9780140268867-M.jpg,https://covers.openlibrary.org/b/isbn/9780140268867-L.jpg,,,3.85,900000,1240,0.534,61,Ancient Greece,Greece,Ancient,367,5,,0.7851
50,0143107631,9780143107637,,,Crime and Punishment,,,,,PUB46,1866,,en,English,Classics,Psychological Fiction,B-35,4,2,Available,"A destitute former student murders a pawnbroker and grapples with guilt, justification, and redemption in Tsarist-era St. Petersburg.",671,738,https://covers.openlibrary.org/b/isbn/9780143107637-L.jpg,https://covers.openlibrary.org/b/isbn/9780143107637-M.jpg,https://covers.openlibrary.org/b/isbn/9780143107637-L.jpg,,,4.26,780000,4253,0.5736,40,19th century,Russia,1860s,265,9,,0.5563
51,0060883286,9780060883287,,,One Hundred Years of Solitude,,,,,PUB47,1967,,en,English,Classics,Magical Realism,F-22,3,1,Available,"Seven generations of the Buendía family live out love, war, and prophecy in the mythical town of Macondo, blending myth and history into one saga.",417,459,https://covers.openlibrary.org/b/isbn/9780060883287-L.jpg,https://covers.openlibrary.org/b/isbn/9780060883287-M.jpg,https://covers.openlibrary.org/b/isbn/9780060883287-L.jpg,,,4.12,800000,10193,0.5584,47,19th-20th century,Colombia,Multi-generational,477,23,,0.4648
52,0399590501,9780399590504,,,Educated,A Memoir,,,,PUB28,2018,,en,English,Biography,Memoir,A-02,5,5,Available,"Raised by survivalist parents in rural Idaho with no formal schooling, the author claws her way to a Cambridge PhD while reckoning with family and identity.",334,367,https://covers.openlibrary.org/b/isbn/9780399590504-L.jpg,https://covers.openlibrary.org/b/isbn/9780399590504-M.jpg,https://covers.openlibrary.org/b/isbn/9780399590504-L.jpg,,,4.47,1400000,27377,0.6484,18,Contemporary,USA,1990s-2010s,256,18,,0.8462
53,0399588175,9780399588174,,,Born a Crime,Stories from a South African Childhood,,,,PUB48,2016,,en,English,Biography,Memoir,D-11,3,2,Available,"Comedian Trevor Noah recounts growing up mixed-race under apartheid South Africa, where his very existence was illegal, through humor and hardship.",304,334,https://covers.openlibrary.org/b/isbn/9780399588174-L.jpg,https://covers.openlibrary.org/b/isbn/9780399588174-M.jpg,https://covers.openlibrary.org/b/isbn/9780399588174-L.jpg,,,4.5,650000,4422,0.592,34,1980s-1990s,South Africa,Apartheid era,411,9,,0.6494
54,0316548189,9780316548182,,,Long Walk to Freedom,,,,,PUB12,1994,,en,English,Biography,Autobiography,C-05,6,5,Available,Nelson Mandela recounts his journey from rural childhood to 27 years of imprisonment to becoming South Africa's first democratically elected president.,656,722,https://covers.openlibrary.org/b/isbn/9780316548182-L.jpg,https://covers.openlibrary.org/b/isbn/9780316548182-M.jpg,https://covers.openlibrary.org/b/isbn/9780316548182-L.jpg,,,4.35,185000,269,0.5368,57,20th century,South Africa,1918-1994,359,23,,0.7033
55,0345539435,9780345539434,,,Cosmos,,,,,PUB6,1980,,en,English,Science,Popular Science,E-39,5,1,Available,"A sweeping tour of the universe, from the origins of life on Earth to the possibility of extraterrestrial civilizations, told with wonder and rigor.",384,422,https://covers.openlibrary.org/b/isbn/9780345539434-L.jpg,https://covers.openlibrary.org/b/isbn/9780345539434-M.jpg,https://covers.openlibrary.org/b/isbn/9780345539434-L.jpg,,,4.44,95000,623,0.5404,52,Contemporary,,Present Day,132,20,,0.3886
56,0198788606,9780198788607,,,The Selfish Gene,,,,,PUB49,1976,,en,English,Science,Evolutionary Biology,B-10,6,1,Available,"A gene-centered view of evolution argues that genes, not individuals or species, are the primary unit of natural selection driving behavior.",360,396,https://covers.openlibrary.org/b/isbn/9780198788607-L.jpg,https://covers.openlibrary.org/b/isbn/9780198788607-M.jpg,https://covers.openlibrary.org/b/isbn/9780198788607-L.jpg,,,4.14,75000,432,0.5028,76,Contemporary,,Present Day,410,15,,0.3518
57,0618249060,9780618249060,,,Silent Spring,,,,,PUB50,1962,,en,English,Science,Environmental Science,A-15,5,4,Available,"A landmark exposé on the environmental damage caused by pesticides, credited with launching the modern environmental movement.",378,416,https://covers.openlibrary.org/b/isbn/9780618249060-L.jpg,https://covers.openlibrary.org/b/isbn/9780618249060-M.jpg,https://covers.openlibrary.org/b/isbn/9780618249060-L.jpg,,,4.26,60000,557,0.516,68,1960s,USA,1960s,372,26,,0.6755
58,080701429X,9780807014295,,,Man's Search for Meaning,,,,,PUB51,1946,,en,English,Nonfiction,Philosophy,F-11,6,5,Available,"A psychiatrist and Holocaust survivor argues that finding meaning, even in the worst suffering, is what allows people to endure and persevere.",165,182,https://covers.openlibrary.org/b/isbn/9780807014295-L.jpg,https://covers.openlibrary.org/b/isbn/9780807014295-M.jpg,https://covers.openlibrary.org/b/isbn/9780807014295-L.jpg,,,4.37,680000,4153,0.5788,39,Contemporary,Austria,1940s-onward,143,30,,0.7257
59,0062457713,9780062457714,,,The Subtle Art of Not Giving a F*ck,,,,,PUB52,2016,,en,English,Nonfiction,Self-Help,A-23,2,1,Available,"A counterintuitive self-help book arguing that a good life comes from caring about fewer, better things instead of chasing constant positivity.",224,246,https://covers.openlibrary.org/b/isbn/9780062457714-L.jpg,https://covers.openlibrary.org/b/isbn/9780062457714-M.jpg,https://covers.openlibrary.org/b/isbn/9780062457714-L.jpg,,,3.92,750000,4892,0.5304,63,Contemporary,,Present Day,350,29,,0.5332
60,1455586692,9781455586691,,,Deep Work,Rules for Focused Success in a Distracted World,,,,PUB53,2016,,en,English,Nonfiction,Productivity,F-37,1,0,Borrowed,"An argument for the value of focused, undistracted work in a world of constant interruption, with practical strategies for cultivating deep focus.",304,334,https://covers.openlibrary.org/b/isbn/9781455586691-L.jpg,https://covers.openlibrary.org/b/isbn/9781455586691-M.jpg,https://covers.openlibrary.org/b/isbn/9781455586691-L.jpg,,,4.19,115000,1801,0.512,70,Contemporary,,Present Day,479,10,,0.2734
61,0132350882,9780132350884,,,Clean Code,A Handbook of Agile Software Craftsmanship,,,,PUB54,2008,,en,English,Technology,Software Engineering,D-33,2,1,Available,"A guide to writing readable, maintainable code through naming, functions, and design principles, illustrated with refactoring case studies.",464,510,https://covers.openlibrary.org/b/isbn/9780132350884-L.jpg,https://covers.openlibrary.org/b/isbn/9780132350884-M.jpg,https://covers.openlibrary.org/b/isbn/9780132350884-L.jpg,,,4.19,115000,2058,0.512,71,Contemporary,,Present Day,106,6,,0.5234
62,026204630X,9780262046305,,,Introduction to Algorithms,,,,,PUB55,1990,,en,English,Technology,Computer Science,F-20,1,0,Borrowed,"A comprehensive, rigorous textbook covering algorithm design, analysis, and data structures, widely used in university computer science courses.",1312,1443,https://covers.openlibrary.org/b/isbn/9780262046305-L.jpg,https://covers.openlibrary.org/b/isbn/9780262046305-M.jpg,https://covers.openlibrary.org/b/isbn/9780262046305-L.jpg,,,4.35,25000,449,0.524,65,Contemporary,,Present Day,364,4,,0.2798
63,1449373321,9781449373320,,,Designing Data-Intensive Applications,,,,,PUB56,2017,,en,English,Technology,Software Engineering,C-13,1,0,Borrowed,"A deep dive into the principles behind reliable, scalable, and maintainable data systems, covering databases, streaming, and distributed systems.",616,678,https://covers.openlibrary.org/b/isbn/9781449373320-L.jpg,https://covers.openlibrary.org/b/isbn/9781449373320-M.jpg,https://covers.openlibrary.org/b/isbn/9781449373320-L.jpg,,,4.48,25000,198,0.5396,54,Contemporary,,Present Day,132,8,,0.2881
64,0446605239,9780446605236,,,The Notebook,,,,,PUB57,1996,,en,English,Romance,Contemporary Romance,A-24,3,3,Available,"A poor young man and a wealthy young woman fall in love one summer, only to be separated by class and circumstance, with a devoted reunion decades later.",214,235,https://covers.openlibrary.org/b/isbn/9780446605236-L.jpg,https://covers.openlibrary.org/b/isbn/9780446605236-M.jpg,https://covers.openlibrary.org/b/isbn/9780446605236-L.jpg,,,4.13,1200000,16031,0.5916,35,1940s-1990s,USA,Mid-to-late 20th century,337,9,,0.8159
65,1984806734,9781984806734,,,Beach Read,,,,,PUB58,2020,,en,English,Romance,Contemporary Romance,C-38,7,7,Available,"Two rival writers with writer's block, one a cynic and one a romantic, swap genres for the summer and end up rewriting their assumptions about love.",361,397,https://covers.openlibrary.org/b/isbn/9781984806734-L.jpg,https://covers.openlibrary.org/b/isbn/9781984806734-M.jpg,https://covers.openlibrary.org/b/isbn/9781984806734-L.jpg,,,4.02,650000,8405,0.5344,60,Contemporary,USA,Present Day,163,30,,0.7853
66,0307949486,9780307949486,,,The Girl with the Dragon Tattoo,,,,,PUB59,2005,,en,English,Mystery,Crime Thriller,C-09,3,3,Available,"A disgraced journalist and a brilliant hacker investigate a decades-old disappearance, uncovering a trail of corporate corruption and violence.",644,708,https://covers.openlibrary.org/b/isbn/9780307949486-L.jpg,https://covers.openlibrary.org/b/isbn/9780307949486-M.jpg,https://covers.openlibrary.org/b/isbn/9780307949486-L.jpg,,,4.19,2400000,6896,0.6948,15,Contemporary,Sweden,Present Day,55,25,,0.871
67,0312924585,9780312924584,,,The Silence of the Lambs,,,,,PUB60,1988,,en,English,Mystery,Psychological Thriller,C-33,4,3,Available,A young FBI trainee seeks the counsel of an imprisoned cannibalistic psychiatrist to catch a serial killer skinning his female victims.,338,372,https://covers.openlibrary.org/b/isbn/9780312924584-L.jpg,https://covers.openlibrary.org/b/isbn/9780312924584-M.jpg,https://covers.openlibrary.org/b/isbn/9780312924584-L.jpg,,,4.19,340000,4940,0.53,64,Contemporary,USA,1980s,113,24,,0.658
68,0765350386,9780765350381,,,Mistborn: The Final Empire,,,,,PUB8,2006,,en,English,Fantasy,Epic Fantasy,E-38,3,2,Available,"In a world where ash falls from the sky and an immortal emperor rules through terror, a street urchin with rare magical powers joins a heist to topple him.",541,595,https://covers.openlibrary.org/b/isbn/9780765350381-L.jpg,https://covers.openlibrary.org/b/isbn/9780765350381-M.jpg,https://covers.openlibrary.org/b/isbn/9780765350381-L.jpg,,,4.47,700000,3650,0.5924,33,Fantasy World,Fantasy World,Fantasy Era,284,1,,0.6497
69,0441478123,9780441478125,,,The Left Hand of Darkness,,,,,PUB7,1969,,en,English,Science Fiction,Social Science Fiction,A-06,7,7,Available,"An envoy from an interstellar alliance navigates the politics of a wintry planet whose inhabitants have no fixed gender, challenging his assumptions.",304,334,https://covers.openlibrary.org/b/isbn/9780441478125-L.jpg,https://covers.openlibrary.org/b/isbn/9780441478125-M.jpg,https://covers.openlibrary.org/b/isbn/9780441478125-L.jpg,,,4.06,115000,36,0.4964,77,Future,Fictional Planet,Future,495,30,,0.7651
70,0553293354,9780553293357,,,Foundation,,,,,PUB10,1951,,en,English,Science Fiction,Space Opera,E-37,3,0,Borrowed,A mathematician predicts the fall of a galactic empire and establishes a foundation to preserve knowledge and shorten the coming dark age.,255,280,https://covers.openlibrary.org/b/isbn/9780553293357-L.jpg,https://covers.openlibrary.org/b/isbn/9780553293357-M.jpg,https://covers.openlibrary.org/b/isbn/9780553293357-L.jpg,,,4.19,350000,3093,0.5308,62,Future,Galactic Empire,Far Future,15,22,,0.2834
71,0143039989,9780143039983,,,The Haunting of Hill House,,,,,PUB46,1959,,en,English,Horror,Gothic Horror,C-25,5,4,Available,"Four strangers investigating paranormal activity at a notoriously haunted mansion find the house's influence preying on their sanity, one by one.",246,271,https://covers.openlibrary.org/b/isbn/9780143039983-L.jpg,https://covers.openlibrary.org/b/isbn/9780143039983-M.jpg,https://covers.openlibrary.org/b/isbn/9780143039983-L.jpg,,,3.98,140000,1448,0.4888,82,Contemporary,USA,1950s,336,8,,0.661
72,1472234359,9781472234353,,,Rosemary's Baby,,,,,PUB61,1967,,en,English,Horror,Psychological Horror,C-01,3,3,Available,A young wife in Manhattan grows suspicious that her eccentric neighbors and her own husband are part of a satanic plot involving her unborn child.,245,270,https://covers.openlibrary.org/b/isbn/9781472234353-L.jpg,https://covers.openlibrary.org/b/isbn/9781472234353-M.jpg,https://covers.openlibrary.org/b/isbn/9781472234353-L.jpg,,,4.02,135000,1947,0.4932,79,Contemporary,USA,1960s,367,8,,0.7633
73,0060256656,9780060256654,,,The Giving Tree,,,,,PUB37,1964,,en,English,Children,Picture Book,F-18,2,2,Available,"A tree gives everything it has, again and again, to a boy across his lifetime, in a spare parable about generosity and selflessness.",64,70,https://covers.openlibrary.org/b/isbn/9780060256654-L.jpg,https://covers.openlibrary.org/b/isbn/9780060256654-M.jpg,https://covers.openlibrary.org/b/isbn/9780060256654-L.jpg,,,4.37,1000000,10500,0.6044,28,Contemporary,,Timeless,8,30,,0.8227
74,0810993139,9780810993136,,,Diary of a Wimpy Kid,,,,,PUB62,2007,,en,English,Children,Middle Grade,F-13,7,4,Available,"A middle-schooler's illustrated diary chronicles the awkward, funny mishaps of surviving school, friendships, and family with wry self-deprecation.",217,239,https://covers.openlibrary.org/b/isbn/9780810993136-L.jpg,https://covers.openlibrary.org/b/isbn/9780810993136-M.jpg,https://covers.openlibrary.org/b/isbn/9780810993136-L.jpg,,,3.99,2200000,27904,0.6548,17,Contemporary,USA,Present Day,62,4,,0.6354
75,0064404994,9780064404990,,,"The Chronicles of Narnia: The Lion, the Witch and the Wardrobe",,,,,PUB63,1950,,en,English,Children,Fantasy,F-40,7,1,Available,"Four siblings step through a magical wardrobe into the snowbound land of Narnia, where they must help a lion king overthrow an eternal winter.",206,227,https://covers.openlibrary.org/b/isbn/9780064404990-L.jpg,https://covers.openlibrary.org/b/isbn/9780064404990-M.jpg,https://covers.openlibrary.org/b/isbn/9780064404990-L.jpg,,,4.26,600000,5088,0.5592,46,World War II era,Fantasy World,1940s/Timeless,373,26,,0.37
76,0804139296,9780804139298,,,Zero to One,"Notes on Startups, or How to Build the Future",,,,PUB30,2014,,en,English,Business,Entrepreneurship,C-13,2,0,Borrowed,"A contrarian guide to building breakthrough companies, arguing true progress comes from creating something new rather than copying what already works.",224,246,https://covers.openlibrary.org/b/isbn/9780804139298-L.jpg,https://covers.openlibrary.org/b/isbn/9780804139298-M.jpg,https://covers.openlibrary.org/b/isbn/9780804139298-L.jpg,,,4.18,210000,3521,0.5184,67,Contemporary,,Present Day,280,11,,0.2768
77,0066620996,9780066620992,,,Good to Great,Why Some Companies Make the Leap... and Others Don't,,,,PUB64,2001,,en,English,Business,Management,D-09,5,1,Available,"A research-driven study of companies that achieved sustained excellence, identifying leadership and discipline traits that separate good from great.",320,352,https://covers.openlibrary.org/b/isbn/9780066620992-L.jpg,https://covers.openlibrary.org/b/isbn/9780066620992-M.jpg,https://covers.openlibrary.org/b/isbn/9780066620992-L.jpg,,,4.14,140000,2166,0.508,74,Contemporary,,Present Day,237,21,,0.3713
78,0062024035,9780062024039,,,Divergent,,,,,PUB65,2011,,en,English,Young Adult,Dystopian,F-36,5,3,Available,"In a future Chicago divided into rigid personality factions, a girl who doesn't fit any single category discovers a conspiracy threatening her world.",487,536,https://covers.openlibrary.org/b/isbn/9780062024039-L.jpg,https://covers.openlibrary.org/b/isbn/9780062024039-M.jpg,https://covers.openlibrary.org/b/isbn/9780062024039-L.jpg,,,4.19,3100000,57524,0.7508,10,Future,USA,Post-Apocalyptic,121,8,,0.7009
79,1627792120,9781627792127,,,Six of Crows,,,,,PUB66,2015,,en,English,Young Adult,Fantasy,B-04,4,1,Available,A crew of six dangerous outcasts is recruited for a seemingly impossible heist that could make them rich — or get them all killed.,465,512,https://covers.openlibrary.org/b/isbn/9781627792127-L.jpg,https://covers.openlibrary.org/b/isbn/9781627792127-M.jpg,https://covers.openlibrary.org/b/isbn/9781627792127-L.jpg,,,4.49,750000,14264,0.5988,31,Fantasy World,Fantasy World,Fantasy Era,190,26,,0.4447
80,1476753830,9781476753836,,,"Salt, Fat, Acid, Heat",Mastering the Elements of Good Cooking,,,,PUB27,2017,,en,English,Cooking,Culinary Reference,F-23,5,1,Available,"A chef breaks cooking down into four foundational elements, teaching intuition over recipes so readers can cook confidently from any cuisine.",480,528,https://covers.openlibrary.org/b/isbn/9781476753836-L.jpg,https://covers.openlibrary.org/b/isbn/9781476753836-M.jpg,https://covers.openlibrary.org/b/isbn/9781476753836-L.jpg,,,4.55,45000,447,0.5496,49,Contemporary,,Present Day,248,28,,0.3935
81,0385486804,9780385486804,,,Into the Wild,,,,,PUB67,1996,,en,English,Nonfiction,Adventure/True Story,D-13,6,2,Available,"A journalist reconstructs the final journey of a young man who gave away his savings and walked into the Alaskan wilderness, where he starved to death.",207,228,https://covers.openlibrary.org/b/isbn/9780385486804-L.jpg,https://covers.openlibrary.org/b/isbn/9780385486804-M.jpg,https://covers.openlibrary.org/b/isbn/9780385486804-L.jpg,,,3.98,470000,558,0.5152,69,Contemporary,USA,1990s,475,20,,0.4418
82,0679406417,9780679406419,,,Maus,A Survivor's Tale,,,,PUB68,1980,,en,English,Graphic Novel,Historical,C-27,4,4,Available,"A graphic memoir depicting the author's father's experience surviving the Holocaust, rendered with Jews as mice and Nazis as cats.",296,326,https://covers.openlibrary.org/b/isbn/9780679406419-L.jpg,https://covers.openlibrary.org/b/isbn/9780679406419-M.jpg,https://covers.openlibrary.org/b/isbn/9780679406419-L.jpg,,,4.34,180000,717,0.5352,59,World War II,Poland/USA,1930s-1980s,10,12,,0.7858
83,1401245250,9781401245252,,,Watchmen,,,,,PUB69,1987,,en,English,Graphic Novel,Superhero/Deconstruction,A-05,3,3,Available,A murder investigation among retired vigilantes unravels a conspiracy that deconstructs the superhero genre against the backdrop of nuclear paranoia.,416,458,https://covers.openlibrary.org/b/isbn/9781401245252-L.jpg,https://covers.openlibrary.org/b/isbn/9781401245252-M.jpg,https://covers.openlibrary.org/b/isbn/9781401245252-L.jpg,,,4.32,270000,4737,0.54,53,Alternate 1980s,USA,1980s,299,9,,0.7883
84,0385474547,9780385474542,,,Things Fall Apart,,,,,PUB70,1958,,en,English,Classics,African Literature,C-06,2,2,Available,A respected Igbo leader's world unravels as British colonialism and Christian missionaries disrupt the traditions and values of his village.,209,230,https://covers.openlibrary.org/b/isbn/9780385474542-L.jpg,https://covers.openlibrary.org/b/isbn/9780385474542-M.jpg,https://covers.openlibrary.org/b/isbn/9780385474542-L.jpg,,,3.92,280000,4663,0.4928,80,Late 19th century,Nigeria,1890s,253,2,,0.7631
