book_id,mood,writing_style,difficulty_level,reading_level,target_audience,learning_outcomes,skills_covered,recommendation_keywords,fantasy_elements,scifi_elements,themes,keywords,tags,subjects
1,Emotional; Thought-provoking,Narrative; Slow-paced,Intermediate,Adult,General Readers; Students,Empathy; Critical Thinking,,american south; childhood; coming-of-age; fiction; justice; kill; literary; mockingbird; morality; racism,,,American South; childhood; justice; morality; racism,american south; childhood; coming-of-age; fiction; justice; kill; literary; mockingbird; morality; racism,American South; Emotional; Thought-provoking; childhood; justice; morality; racism,American South; childhood; justice; morality; racism
2,Emotional; Thought-provoking,Narrative; Slow-paced,Intermediate,Adult,General Readers; Students,Empathy; Critical Thinking,,1920s; american dream; class; fiction; gatsby; great; literary; love; tragedy; wealth,,,1920s; American Dream; class; love; wealth,1920s; american dream; class; fiction; gatsby; great; literary; love; tragedy; wealth,1920s; American Dream; Emotional; Thought-provoking; class; love; wealth,1920s; American Dream; class; love; wealth
3,Emotional; Thought-provoking,Narrative; Slow-paced,Intermediate,Adult,General Readers; Students,Empathy; Critical Thinking,,beloved; fiction; haunting; historical; literary; memory; motherhood; slavery; trauma,,,haunting; memory; motherhood; slavery; trauma,beloved; fiction; haunting; historical; literary; memory; motherhood; slavery; trauma,Emotional; Thought-provoking; haunting; memory; motherhood; slavery; trauma,haunting; memory; motherhood; slavery; trauma
4,Emotional; Thought-provoking,Narrative; Slow-paced,Intermediate,Adult,General Readers; Students,Empathy; Critical Thinking,,afghanistan; fiction; friendship; guilt; historical; kite; literary; redemption; runner; war,,,Afghanistan; friendship; guilt; redemption; war,afghanistan; fiction; friendship; guilt; historical; kite; literary; redemption; runner; war,Afghanistan; Emotional; Thought-provoking; friendship; guilt; redemption; war,Afghanistan; friendship; guilt; redemption; war
5,Suspenseful; Thrilling,Narrative; Fast-paced,Intermediate,Adult,General Readers; Engineers,Problem Solving; Critical Thinking,,desert survival; dune; ecology; empire; fiction; opera; politics; prophecy; science; space,,,desert survival; ecology; empire; politics; prophecy,desert survival; dune; ecology; empire; fiction; opera; politics; prophecy; science; space,Suspenseful; Thrilling; desert survival; ecology; empire; politics; prophecy,desert survival; ecology; empire; politics; prophecy
6,Suspenseful; Thrilling,Narrative; Fast-paced,Intermediate,Adult,General Readers; Engineers,Problem Solving; Critical Thinking,,fiction; first contact; hail; hard; mary; memory loss; project; sci-fi; science; space travel; survival,,first contact; space travel,first contact; memory loss; science; space travel; survival,fiction; first contact; hail; hard; mary; memory loss; project; sci-fi; science; space travel; survival,Suspenseful; Thrilling; first contact; memory loss; science; space travel; survival,first contact; memory loss; science; space travel; survival
7,Suspenseful; Thrilling,Narrative; Fast-paced,Intermediate,Adult,General Readers; Engineers,Problem Solving; Critical Thinking,,artificial intelligence; corporations; cyberpunk; fiction; hacking; neuromancer; science; virtual reality,,artificial intelligence; cyberpunk; virtual reality,artificial intelligence; corporations; cyberpunk; hacking; virtual reality,artificial intelligence; corporations; cyberpunk; fiction; hacking; neuromancer; science; virtual reality,Suspenseful; Thrilling; artificial intelligence; corporations; cyberpunk; hacking; virtual reality,artificial intelligence; corporations; cyberpunk; hacking; virtual reality
8,Suspenseful; Thrilling,Narrative; Fast-paced,Intermediate,Adult,General Readers; Engineers,Problem Solving; Critical Thinking,Management,alien invasion; childhood; ender; fiction; game; leadership; military; sci-fi; science; strategy; war,,,alien invasion; childhood; leadership; strategy; war,alien invasion; childhood; ender; fiction; game; leadership; military; sci-fi; science; strategy; war,Suspenseful; Thrilling; alien invasion; childhood; leadership; strategy; war,alien invasion; childhood; leadership; strategy; war
9,Mysterious; Inspirational,Narrative; Descriptive,Intermediate,Young Adult,General Readers,Imagination; Personal Growth,,courage; dragons; fantasy; friendship; high; hobbit; mythology; quest,dragons; mythology; quest,,courage; dragons; friendship; mythology; quest,courage; dragons; fantasy; friendship; high; hobbit; mythology; quest,Inspirational; Mysterious; courage; dragons; friendship; mythology; quest,courage; dragons; friendship; mythology; quest
10,Mysterious; Inspirational,Narrative; Descriptive,Intermediate,Young Adult,General Readers,Imagination; Personal Growth,,betrayal; dragons; epic; fantasy; game; politics; power; thrones; war,dragons,,betrayal; dragons; politics; power; war,betrayal; dragons; epic; fantasy; game; politics; power; thrones; war,Inspirational; Mysterious; betrayal; dragons; politics; power; war,betrayal; dragons; politics; power; war
11,Mysterious; Inspirational,Narrative; Descriptive,Intermediate,Young Adult,General Readers,Imagination; Personal Growth,,coming of age; epic; fantasy; legend; magic; music; name; university; wind,magic,,coming of age; legend; magic; music; university,coming of age; epic; fantasy; legend; magic; music; name; university; wind,Inspirational; Mysterious; coming of age; legend; magic; music; university,coming of age; legend; magic; music; university
12,Mysterious; Inspirational,Narrative; Descriptive,Intermediate,Young Adult,General Readers,Imagination; Personal Growth,,circe; fantasy; fiction; gods; independence; mythological; mythology; transformation; witchcraft,gods; mythology; witchcraft,,gods; independence; mythology; transformation; witchcraft,circe; fantasy; fiction; gods; independence; mythological; mythology; transformation; witchcraft,Inspirational; Mysterious; gods; independence; mythology; transformation; witchcraft,gods; independence; mythology; transformation; witchcraft
13,Suspenseful; Dark,Fast-paced; Narrative,Intermediate,Adult,General Readers,Critical Thinking; Problem Solving,Psychology,crime; deception; girl; gone; marriage; media; mystery/thriller; psychological; psychology; thriller,,,crime; deception; marriage; media; psychology,crime; deception; girl; gone; marriage; media; mystery/thriller; psychological; psychology; thriller,Dark; Suspenseful; crime; deception; marriage; media; psychology,crime; deception; marriage; media; psychology
14,Suspenseful; Dark,Fast-paced; Narrative,Intermediate,Adult,General Readers,Critical Thinking; Problem Solving,Psychology,murder; mystery/thriller; obsession; patient; psychological; psychology; silence; silent; therapy; thriller,,,murder; obsession; psychology; silence; therapy,murder; mystery/thriller; obsession; patient; psychological; psychology; silence; silent; therapy; thriller,Dark; Suspenseful; murder; obsession; psychology; silence; therapy,murder; obsession; psychology; silence; therapy
15,Suspenseful; Dark,Fast-paced; Narrative,Intermediate,Adult,General Readers,Critical Thinking; Problem Solving,History,art; code; codes; conspiracy; history; mystery/thriller; religion; thriller; vinci,,,art; codes; conspiracy; history; religion,art; code; codes; conspiracy; history; mystery/thriller; religion; thriller; vinci,Dark; Suspenseful; art; codes; conspiracy; history; religion,art; codes; conspiracy; history; religion
16,Suspenseful; Dark,Fast-paced; Narrative,Intermediate,Adult,General Readers,Critical Thinking; Problem Solving,,childhood trauma; detective; fiction; memory; murder investigation; mystery/thriller; small town; woods,,,childhood trauma; detective; memory; murder investigation; small town,childhood trauma; detective; fiction; memory; murder investigation; mystery/thriller; small town; woods,Dark; Suspenseful; childhood trauma; detective; memory; murder investigation; small town,childhood trauma; detective; memory; murder investigation; small town
17,Romantic; Emotional,Conversational; Narrative,Beginner,Adult,General Readers,Emotional Intelligence; Communication,History,history; love triangle; outlander; romance; scotland; time travel; time-travel; war,,,Scotland; history; love triangle; time travel; war,history; love triangle; outlander; romance; scotland; time travel; time-travel; war,Emotional; Romantic; Scotland; history; love triangle; time travel; war,Scotland; history; love triangle; time travel; war
18,Romantic; Emotional,Conversational; Narrative,Beginner,Adult,General Readers,Emotional Intelligence; Communication,,before; caregiving; choice; contemporary; disability; grief; love; romance,,,caregiving; choice; disability; grief; love,before; caregiving; choice; contemporary; disability; grief; love; romance,Emotional; Romantic; caregiving; choice; disability; grief; love,caregiving; choice; disability; grief; love
19,Romantic; Emotional,Conversational; Narrative,Beginner,Adult,General Readers,Emotional Intelligence; Communication,,banter; comedy; enemies to lovers; game; hating; humor; rivalry; romance; romantic; workplace,,,banter; enemies to lovers; humor; rivalry; workplace,banter; comedy; enemies to lovers; game; hating; humor; rivalry; romance; romantic; workplace,Emotional; Romantic; banter; enemies to lovers; humor; rivalry; workplace,banter; enemies to lovers; humor; rivalry; workplace
20,Romantic; Emotional,Conversational; Narrative,Beginner,Adult,General Readers,Emotional Intelligence; Communication,,contemporary; courage; domestic abuse; ends; family patterns; love; resilience; romance; with,,,courage; domestic abuse; family patterns; love; resilience,contemporary; courage; domestic abuse; ends; family patterns; love; resilience; romance; with,Emotional; Romantic; courage; domestic abuse; family patterns; love; resilience,courage; domestic abuse; family patterns; love; resilience
21,Educational; Inspirational,Academic; Conversational,Intermediate,Adult,Students; Professionals; Researchers,Critical Thinking; History,History,anthropology; brief; civilization; history; human evolution; humankind; nonfiction; popular; sapiens; science; society,,,anthropology; civilization; history; human evolution; society,anthropology; brief; civilization; history; human evolution; humankind; nonfiction; popular; sapiens; science; society,Educational; Inspirational; anthropology; civilization; history; human evolution; society,anthropology; civilization; history; human evolution; society
22,Educational; Inspirational,Academic; Conversational,Intermediate,Adult,Students; Professionals; Researchers,Critical Thinking; History,Physics,black holes; brief; cosmology; history; nonfiction; physics; popular; science; time; universe,,,black holes; cosmology; physics; time; universe,black holes; brief; cosmology; history; nonfiction; physics; popular; science; time; universe,Educational; Inspirational; black holes; cosmology; physics; time; universe,black holes; cosmology; physics; time; universe
23,Educational; Inspirational,Academic; Conversational,Intermediate,Adult,Students; Professionals; Researchers,Critical Thinking; History,Psychology,behavior; cognitive bias; decision making; decision-making; economics; fast; nonfiction; psychology; slow; thinking,,,behavior; cognitive bias; decision making; decision-making; economics; psychology,behavior; cognitive bias; decision making; decision-making; economics; fast; nonfiction; psychology; slow; thinking,Educational; Inspirational; behavior; cognitive bias; decision making; decision-making; economics; psychology,behavior; cognitive bias; decision making; decision-making; economics; psychology
24,Educational; Inspirational,Academic; Conversational,Intermediate,Adult,Students; Professionals; Researchers,Critical Thinking; History,Productivity,atomic; behavior change; goals; habits; nonfiction; productivity; self-help; self-improvement,,,behavior change; goals; habits; productivity; self-improvement,atomic; behavior change; goals; habits; nonfiction; productivity; self-help; self-improvement,Educational; Inspirational; behavior change; goals; habits; productivity; self-improvement,behavior change; goals; habits; productivity; self-improvement
25,Inspirational; Emotional,Narrative; Conversational,Intermediate,Adult,General Readers; Students,Leadership; Personal Growth,,biography; diary; family; girl; hiding; history; holocaust; hope; identity; memoir; world war ii; young,,,Holocaust; World War II; diary; family; hiding; hope,biography; diary; family; girl; hiding; history; holocaust; hope; identity; memoir; world war ii; young,Emotional; Holocaust; Inspirational; World War II; diary; family; hiding; hope; identity,Holocaust; World War II; diary; family; hiding; hope; identity
26,Educational; Inspirational,Academic; Conversational,Intermediate,Adult,Students; Professionals; Researchers,Critical Thinking; History,History,agriculture; anthropology; civilization; colonization; geography; germs; guns; history; inequality; nonfiction; steel,,,agriculture; anthropology; civilization; colonization; geography; history,agriculture; anthropology; civilization; colonization; geography; germs; guns; history; inequality; nonfiction; steel,Educational; Inspirational; agriculture; anthropology; civilization; colonization; geography; history; inequality,agriculture; anthropology; civilization; colonization; geography; history; inequality
27,Inspirational; Emotional,Narrative; Conversational,Intermediate,Adult,General Readers; Students,Leadership; Personal Growth,Entrepreneurship; Management; Technology,apple; biography; business; entrepreneurship; innovation; jobs; leadership; steve; technology,,,Apple; entrepreneurship; innovation; leadership; technology,apple; biography; business; entrepreneurship; innovation; jobs; leadership; steve; technology,Apple; Emotional; Inspirational; entrepreneurship; innovation; leadership; technology,Apple; entrepreneurship; innovation; leadership; technology
28,Inspirational; Emotional,Narrative; Conversational,Intermediate,Adult,General Readers; Students,Leadership; Personal Growth,,biography; history; prisoner of war; resilience; sports; survival; unbroken; war; world war ii,,,World War II; prisoner of war; resilience; sports; survival,biography; history; prisoner of war; resilience; sports; survival; unbroken; war; world war ii,Emotional; Inspirational; World War II; prisoner of war; resilience; sports; survival,World War II; prisoner of war; resilience; sports; survival
29,Inspirational; Educational,Conversational; Simple,Beginner,Adult,Professionals; General Readers,Personal Growth; Career,Communication; Management,communication; friends; influence; leadership; people; persuasion; relationships; self-help,,,communication; influence; leadership; persuasion; relationships,communication; friends; influence; leadership; people; persuasion; relationships; self-help,Educational; Inspirational; communication; influence; leadership; persuasion; relationships,communication; influence; leadership; persuasion; relationships
30,Educational; Inspirational,Conversational; Technical,Intermediate,Professional,Professionals; Students,Leadership; Career; Problem Solving,Finance,assets; business; finance; financial literacy; investing; money mindset; personal; personal finance; poor; rich,,,assets; financial literacy; investing; money mindset; personal finance,assets; business; finance; financial literacy; investing; money mindset; personal; personal finance; poor; rich,Educational; Inspirational; assets; financial literacy; investing; money mindset; personal finance,assets; financial literacy; investing; money mindset; personal finance
31,Educational; Inspirational,Conversational; Technical,Intermediate,Professional,Professionals; Students,Leadership; Career; Problem Solving,Entrepreneurship,business; entrepreneurship; innovation; lean; management; product development; startup; startups,,,entrepreneurship; innovation; management; product development; startups,business; entrepreneurship; innovation; lean; management; product development; startup; startups,Educational; Inspirational; entrepreneurship; innovation; management; product development; startups,entrepreneurship; innovation; management; product development; startups
32,Inspirational; Educational,Conversational; Simple,Beginner,Adult,Professionals; General Readers,Personal Growth; Career,Psychology,achievement; grit; motivation; perseverance; psychology; self-help; success,,,achievement; motivation; perseverance; psychology; success,achievement; grit; motivation; perseverance; psychology; self-help; success,Educational; Inspirational; achievement; motivation; perseverance; psychology; success,achievement; motivation; perseverance; psychology; success
33,Emotional; Heartwarming,Fast-paced; Conversational,Beginner,Teen,Students; General Readers,Personal Growth; Communication,,adult; coming of age; contemporary; fault; friendship; illness; love; mortality; romance; stars; young,,,coming of age; friendship; illness; love; mortality,adult; coming of age; contemporary; fault; friendship; illness; love; mortality; romance; stars; young,Emotional; Heartwarming; coming of age; friendship; illness; love; mortality,coming of age; friendship; illness; love; mortality
34,Emotional; Heartwarming,Fast-paced; Conversational,Beginner,Teen,Students; General Readers,Personal Growth; Communication,,adult; dystopia; dystopian; games; hunger; inequality; media; rebellion; survival; young,,,dystopia; inequality; media; rebellion; survival,adult; dystopia; dystopian; games; hunger; inequality; media; rebellion; survival; young,Emotional; Heartwarming; dystopia; inequality; media; rebellion; survival,dystopia; inequality; media; rebellion; survival
35,Emotional; Heartwarming,Fast-paced; Conversational,Beginner,Teen,Students; General Readers,Personal Growth; Communication,,adult; fantasy; friendship; good vs evil; harry; identity; magic; potter; school; sorcerer; stone; young,,,friendship; good vs evil; identity; magic; school,adult; fantasy; friendship; good vs evil; harry; identity; magic; potter; school; sorcerer; stone; young,Emotional; Heartwarming; friendship; good vs evil; identity; magic; school,friendship; good vs evil; identity; magic; school
36,Emotional; Heartwarming,Fast-paced; Conversational,Beginner,Teen,Students; General Readers,Personal Growth; Communication,,adult; fantasy; friendship; gods; identity; jackson; lightning; mythological; mythology; percy; quest; thief; young,,,friendship; gods; identity; mythology; quest,adult; fantasy; friendship; gods; identity; jackson; lightning; mythological; mythology; percy; quest; thief; young,Emotional; Heartwarming; friendship; gods; identity; mythology; quest,friendship; gods; identity; mythology; quest
37,Educational,Narrative,Intermediate,Adult,General Readers,,,animal; animals; charlotte; children's; farm life; fiction; friendship; loyalty; sacrifice,,,animals; farm life; friendship; loyalty; sacrifice,animal; animals; charlotte; children's; farm life; fiction; friendship; loyalty; sacrifice,Educational; animals; farm life; friendship; loyalty; sacrifice,animals; farm life; friendship; loyalty; sacrifice
38,Educational,Narrative,Intermediate,Adult,General Readers,,,adventure; book; children's; emotions; family; imagination; monsters; picture; things; where; wild,,,adventure; emotions; family; imagination; monsters,adventure; book; children's; emotions; family; imagination; monsters; picture; things; where; wild,Educational; adventure; emotions; family; imagination; monsters,adventure; emotions; family; imagination; monsters
39,Educational,Narrative,Intermediate,Adult,General Readers,,,children's; empowerment; family; fantasy; intelligence; justice; matilda; school,,,empowerment; family; intelligence; justice; school,children's; empowerment; family; fantasy; intelligence; justice; matilda; school,Educational; empowerment; family; intelligence; justice; school,empowerment; family; intelligence; justice; school
40,Educational,Narrative,Intermediate,Adult,General Readers,,,book; caterpillar; children's; counting; food; growth; hungry; nature; picture; transformation; very,,,counting; food; growth; nature; transformation,book; caterpillar; children's; counting; food; growth; hungry; nature; picture; transformation; very,Educational; counting; food; growth; nature; transformation,counting; food; growth; nature; transformation
41,Dark; Suspenseful,Fast-paced; Narrative,Intermediate,Adult,General Readers,Critical Thinking,,childhood trauma; fear; friendship; horror; small town; supernatural,,,childhood trauma; fear; friendship; small town; supernatural,childhood trauma; fear; friendship; horror; small town; supernatural,Dark; Suspenseful; childhood trauma; fear; friendship; small town; supernatural,childhood trauma; fear; friendship; small town; supernatural
42,Dark; Suspenseful,Fast-paced; Narrative,Intermediate,Adult,General Readers,Critical Thinking,,dracula; good vs evil; gothic; horror; superstition; vampires; victorian era,,,Victorian era; good vs evil; gothic; superstition; vampires,dracula; good vs evil; gothic; horror; superstition; vampires; victorian era,Dark; Suspenseful; Victorian era; good vs evil; gothic; superstition; vampires,Victorian era; good vs evil; gothic; superstition; vampires
43,Dark; Suspenseful,Fast-paced; Narrative,Intermediate,Adult,General Readers,Critical Thinking,,addiction; family; horror; isolation; madness; psychological; shining; supernatural,,,addiction; family; isolation; madness; supernatural,addiction; family; horror; isolation; madness; psychological; shining; supernatural,Dark; Suspenseful; addiction; family; isolation; madness; supernatural,addiction; family; isolation; madness; supernatural
44,Dark; Suspenseful,Fast-paced; Narrative,Intermediate,Adult,General Readers,Critical Thinking,,ambition; creation; fiction; frankenstein; gothic; horror; isolation; morality; science,,,ambition; creation; isolation; morality; science,ambition; creation; fiction; frankenstein; gothic; horror; isolation; morality; science,Dark; Suspenseful; ambition; creation; isolation; morality; science,ambition; creation; isolation; morality; science
45,Thought-provoking; Dark,Poetic; Slow-paced,Advanced,Adult,Students; Researchers; General Readers,Critical Thinking; History; Communication,,class; classics; fiction; manners; marriage; prejudice; pride; romantic; wit,,,class; manners; marriage; pride; wit,class; classics; fiction; manners; marriage; prejudice; pride; romantic; wit,Dark; Thought-provoking; class; manners; marriage; pride; wit,class; manners; marriage; pride; wit
46,Thought-provoking; Dark,Poetic; Slow-paced,Advanced,Adult,Students; Researchers; General Readers,Critical Thinking; History; Communication,,classics; dystopian; freedom; propaganda; surveillance; totalitarianism; truth,,,freedom; propaganda; surveillance; totalitarianism; truth,classics; dystopian; freedom; propaganda; surveillance; totalitarianism; truth,Dark; Thought-provoking; freedom; propaganda; surveillance; totalitarianism; truth,freedom; propaganda; surveillance; totalitarianism; truth
47,Thought-provoking; Dark,Poetic; Slow-paced,Advanced,Adult,Students; Researchers; General Readers,Critical Thinking; History; Communication,History,aristocracy; classics; family; fate; fiction; historical; history; peace; war,,,aristocracy; family; fate; history; war,aristocracy; classics; family; fate; fiction; historical; history; peace; war,Dark; Thought-provoking; aristocracy; family; fate; history; war,aristocracy; family; fate; history; war
48,Thought-provoking; Dark,Poetic; Slow-paced,Advanced,Adult,Students; Researchers; General Readers,Critical Thinking; History; Communication,,america; classics; democracy; free verse; grass; individuality; leaves; nature; poetry,,,America; democracy; free verse; individuality; nature,america; classics; democracy; free verse; grass; individuality; leaves; nature; poetry,America; Dark; Thought-provoking; democracy; free verse; individuality; nature,America; democracy; free verse; individuality; nature
49,Thought-provoking; Dark,Poetic; Slow-paced,Advanced,Adult,Students; Researchers; General Readers,Critical Thinking; History; Communication,,classics; cunning; epic; fate; heroism; homecoming; mythology; odyssey; poetry,,,cunning; fate; heroism; homecoming; mythology,classics; cunning; epic; fate; heroism; homecoming; mythology; odyssey; poetry,Dark; Thought-provoking; cunning; fate; heroism; homecoming; mythology,cunning; fate; heroism; homecoming; mythology
50,Thought-provoking; Dark,Poetic; Slow-paced,Advanced,Adult,Students; Researchers; General Readers,Critical Thinking; History; Communication,,classics; crime; fiction; guilt; morality; poverty; psychological; punishment; redemption,,,crime; guilt; morality; poverty; redemption,classics; crime; fiction; guilt; morality; poverty; psychological; punishment; redemption,Dark; Thought-provoking; crime; guilt; morality; poverty; redemption,crime; guilt; morality; poverty; redemption
51,Thought-provoking; Dark,Poetic; Slow-paced,Advanced,Adult,Students; Researchers; General Readers,Critical Thinking; History; Communication,,classics; family; hundred; latin america; magical; magical realism; realism; solitude; time; years,,,Latin America; family; magical realism; solitude; time,classics; family; hundred; latin america; magical; magical realism; realism; solitude; time; years,Dark; Latin America; Thought-provoking; family; magical realism; solitude; time,Latin America; family; magical realism; solitude; time
52,Inspirational; Emotional,Narrative; Conversational,Intermediate,Adult,General Readers; Students,Leadership; Personal Growth,,biography; educated; education; family; identity; memoir; self-transformation; survivalism,,,education; family; identity; self-transformation; survivalism,biography; educated; education; family; identity; memoir; self-transformation; survivalism,Emotional; Inspirational; education; family; identity; self-transformation; survivalism,education; family; identity; self-transformation; survivalism
53,Inspirational; Emotional,Narrative; Conversational,Intermediate,Adult,General Readers; Students,Leadership; Personal Growth,,apartheid; biography; born; crime; family; identity; memoir; race; south africa,,,South Africa; apartheid; family; identity; race,apartheid; biography; born; crime; family; identity; memoir; race; south africa,Emotional; Inspirational; South Africa; apartheid; family; identity; race,South Africa; apartheid; family; identity; race
54,Inspirational; Emotional,Narrative; Conversational,Intermediate,Adult,General Readers; Students,Leadership; Personal Growth,Management,activism; apartheid; autobiography; biography; freedom; leadership; long; south africa; walk,,,South Africa; activism; apartheid; freedom; leadership,activism; apartheid; autobiography; biography; freedom; leadership; long; south africa; walk,Emotional; Inspirational; South Africa; activism; apartheid; freedom; leadership,South Africa; activism; apartheid; freedom; leadership
55,Educational,Narrative,Intermediate,Adult,General Readers,,,astronomy; cosmos; evolution; popular; science; space exploration; universe,,,astronomy; evolution; science; space exploration; universe,astronomy; cosmos; evolution; popular; science; space exploration; universe,Educational; astronomy; evolution; science; space exploration; universe,astronomy; evolution; science; space exploration; universe
56,Educational,Narrative,Intermediate,Adult,General Readers,,,behavior; biology; evolution; evolutionary; gene; genetics; natural selection; science; selfish,,,behavior; biology; evolution; genetics; natural selection,behavior; biology; evolution; evolutionary; gene; genetics; natural selection; science; selfish,Educational; behavior; biology; evolution; genetics; natural selection,behavior; biology; evolution; genetics; natural selection
57,Educational,Narrative,Intermediate,Adult,General Readers,,,activism; conservation; ecology; environment; environmental; pesticides; science; silent; spring,,,activism; conservation; ecology; environment; pesticides,activism; conservation; ecology; environment; environmental; pesticides; science; silent; spring,Educational; activism; conservation; ecology; environment; pesticides,activism; conservation; ecology; environment; pesticides
58,Educational; Inspirational,Academic; Conversational,Intermediate,Adult,Students; Professionals; Researchers,Critical Thinking; History,Psychology,holocaust; meaning; nonfiction; philosophy; psychology; resilience; search,,,Holocaust; meaning; philosophy; psychology; resilience,holocaust; meaning; nonfiction; philosophy; psychology; resilience; search,Educational; Holocaust; Inspirational; meaning; philosophy; psychology; resilience,Holocaust; meaning; philosophy; psychology; resilience
59,Educational; Inspirational,Academic; Conversational,Intermediate,Adult,Students; Professionals; Researchers,Critical Thinking; History,,giving; happiness; mindset; nonfiction; resilience; self-help; self-improvement; subtle; values,,,happiness; mindset; resilience; self-improvement; values,giving; happiness; mindset; nonfiction; resilience; self-help; self-improvement; subtle; values,Educational; Inspirational; happiness; mindset; resilience; self-improvement; values,happiness; mindset; resilience; self-improvement; values
60,Educational; Inspirational,Academic; Conversational,Intermediate,Adult,Students; Professionals; Researchers,Critical Thinking; History,Productivity,attention; career; deep; focus; nonfiction; productivity; work,,,attention; career; focus; productivity; work,attention; career; deep; focus; nonfiction; productivity; work,Educational; Inspirational; attention; career; focus; productivity; work,attention; career; focus; productivity; work
61,Educational,Narrative,Intermediate,Adult,General Readers,,,best practices; clean; code; code quality; engineering; programming; refactoring; software; software engineering; technology,,,best practices; code quality; programming; refactoring; software engineering,best practices; clean; code; code quality; engineering; programming; refactoring; software; software engineering; technology,Educational; best practices; code quality; programming; refactoring; software engineering,best practices; code quality; programming; refactoring; software engineering
62,Educational,Narrative,Intermediate,Adult,General Readers,,,algorithms; complexity; computer; computer science; data structures; introduction; mathematics; science; technology,,,algorithms; complexity; computer science; data structures; mathematics,algorithms; complexity; computer; computer science; data structures; introduction; mathematics; science; technology,Educational; algorithms; complexity; computer science; data structures; mathematics,algorithms; complexity; computer science; data structures; mathematics
63,Educational,Narrative,Intermediate,Adult,General Readers,,,applications; data; data engineering; databases; designing; distributed systems; engineering; intensive; scalability; software; software architecture; technology,,,data engineering; databases; distributed systems; scalability; software architecture,applications; data; data engineering; databases; designing; distributed systems; engineering; intensive; scalability; software; software architecture; technology,Educational; data engineering; databases; distributed systems; scalability; software architecture,data engineering; databases; distributed systems; scalability; software architecture
64,Romantic; Emotional,Conversational; Narrative,Beginner,Adult,General Readers,Emotional Intelligence; Communication,,class; contemporary; devotion; love; memory; notebook; romance; separation,,,class; devotion; love; memory; separation,class; contemporary; devotion; love; memory; notebook; romance; separation,Emotional; Romantic; class; devotion; love; memory; separation,class; devotion; love; memory; separation
65,Romantic; Emotional,Conversational; Narrative,Beginner,Adult,General Readers,Emotional Intelligence; Communication,,beach; contemporary; grief; read; rivalry; romance; self-discovery; writing,,,grief; rivalry; romance; self-discovery; writing,beach; contemporary; grief; read; rivalry; romance; self-discovery; writing,Emotional; Romantic; grief; rivalry; romance; self-discovery; writing,grief; rivalry; romance; self-discovery; writing
66,Educational,Narrative,Intermediate,Adult,General Readers,,,corruption; crime; dragon; family secrets; girl; hacking; journalism; murder; mystery; tattoo; thriller; with,,,corruption; family secrets; hacking; journalism; murder,corruption; crime; dragon; family secrets; girl; hacking; journalism; murder; mystery; tattoo; thriller; with,Educational; corruption; family secrets; hacking; journalism; murder,corruption; family secrets; hacking; journalism; murder
67,Educational,Narrative,Intermediate,Adult,General Readers,,Psychology,crime; fbi; lambs; manipulation; mystery; psychological; psychology; serial killer; silence; thriller,,,FBI; crime; manipulation; psychology; serial killer,crime; fbi; lambs; manipulation; mystery; psychological; psychology; serial killer; silence; thriller,Educational; FBI; crime; manipulation; psychology; serial killer,FBI; crime; manipulation; psychology; serial killer
68,Mysterious; Inspirational,Narrative; Descriptive,Intermediate,Young Adult,General Readers,Imagination; Personal Growth,,empire; epic; fantasy; final; heist; magic; mistborn; prophecy; rebellion,magic,,empire; heist; magic; prophecy; rebellion,empire; epic; fantasy; final; heist; magic; mistborn; prophecy; rebellion,Inspirational; Mysterious; empire; heist; magic; prophecy; rebellion,empire; heist; magic; prophecy; rebellion
69,Suspenseful; Thrilling,Narrative; Fast-paced,Intermediate,Adult,General Readers; Engineers,Problem Solving; Critical Thinking,,alien culture; darkness; diplomacy; fiction; gender; hand; identity; left; politics; science; social,,,alien culture; diplomacy; gender; identity; politics,alien culture; darkness; diplomacy; fiction; gender; hand; identity; left; politics; science; social,Suspenseful; Thrilling; alien culture; diplomacy; gender; identity; politics,alien culture; diplomacy; gender; identity; politics
70,Suspenseful; Thrilling,Narrative; Fast-paced,Intermediate,Adult,General Readers; Engineers,Problem Solving; Critical Thinking,,civilization; empire; fiction; foundation; opera; politics; prediction; science; space,,,civilization; empire; politics; prediction; science,civilization; empire; fiction; foundation; opera; politics; prediction; science; space,Suspenseful; Thrilling; civilization; empire; politics; prediction; science,civilization; empire; politics; prediction; science
71,Dark; Suspenseful,Fast-paced; Narrative,Intermediate,Adult,General Readers,Critical Thinking,,gothic; haunted house; haunting; hill; horror; house; isolation; psychological horror; sanity; supernatural,,,haunted house; isolation; psychological horror; sanity; supernatural,gothic; haunted house; haunting; hill; horror; house; isolation; psychological horror; sanity; supernatural,Dark; Suspenseful; haunted house; isolation; psychological horror; sanity; supernatural,haunted house; isolation; psychological horror; sanity; supernatural
72,Dark; Suspenseful,Fast-paced; Narrative,Intermediate,Adult,General Readers,Critical Thinking,,baby; cults; horror; marriage; paranoia; pregnancy; psychological; rosemary; the occult,,,cults; marriage; paranoia; pregnancy; the occult,baby; cults; horror; marriage; paranoia; pregnancy; psychological; rosemary; the occult,Dark; Suspenseful; cults; marriage; paranoia; pregnancy; the occult,cults; marriage; paranoia; pregnancy; the occult
73,Educational,Narrative,Intermediate,Adult,General Readers,,,book; children; generosity; giving; growing up; love; nature; picture; sacrifice; tree,,,generosity; growing up; love; nature; sacrifice,book; children; generosity; giving; growing up; love; nature; picture; sacrifice; tree,Educational; generosity; growing up; love; nature; sacrifice,generosity; growing up; love; nature; sacrifice
74,Educational,Narrative,Intermediate,Adult,General Readers,,,children; diary; family; friendship; grade; growing up; humor; middle; school; wimpy,,,family; friendship; growing up; humor; school,children; diary; family; friendship; grade; growing up; humor; middle; school; wimpy,Educational; family; friendship; growing up; humor; school,family; friendship; growing up; humor; school
75,Educational,Narrative,Intermediate,Adult,General Readers,,,adventure; children; chronicles; fantasy; good vs evil; lion; magic; narnia; sacrifice; siblings; wardrobe; witch,,,adventure; good vs evil; magic; sacrifice; siblings,adventure; children; chronicles; fantasy; good vs evil; lion; magic; narnia; sacrifice; siblings; wardrobe; witch,Educational; adventure; good vs evil; magic; sacrifice; siblings,adventure; good vs evil; magic; sacrifice; siblings
76,Educational; Inspirational,Conversational; Technical,Intermediate,Professional,Professionals; Students,Leadership; Career; Problem Solving,Entrepreneurship; Technology,business; entrepreneurship; innovation; monopoly; startups; technology; zero,,,entrepreneurship; innovation; monopoly; startups; technology,business; entrepreneurship; innovation; monopoly; startups; technology; zero,Educational; Inspirational; entrepreneurship; innovation; monopoly; startups; technology,entrepreneurship; innovation; monopoly; startups; technology
77,Educational; Inspirational,Conversational; Technical,Intermediate,Professional,Professionals; Students,Leadership; Career; Problem Solving,Management,business; business strategy; discipline; good; great; growth; leadership; management,,,business strategy; discipline; growth; leadership; management,business; business strategy; discipline; good; great; growth; leadership; management,Educational; Inspirational; business strategy; discipline; growth; leadership; management,business strategy; discipline; growth; leadership; management
78,Emotional; Heartwarming,Fast-paced; Conversational,Beginner,Teen,Students; General Readers,Personal Growth; Communication,,adult; coming-of-age; divergent; dystopia; dystopian; factions; identity; rebellion; young,,,coming-of-age; dystopia; factions; identity; rebellion,adult; coming-of-age; divergent; dystopia; dystopian; factions; identity; rebellion; young,Emotional; Heartwarming; coming-of-age; dystopia; factions; identity; rebellion,coming-of-age; dystopia; factions; identity; rebellion
79,Emotional; Heartwarming,Fast-paced; Conversational,Beginner,Teen,Students; General Readers,Personal Growth; Communication,,adult; crime; crows; fantasy; found family; heist; loyalty; magic; young,,,crime; found family; heist; loyalty; magic,adult; crime; crows; fantasy; found family; heist; loyalty; magic; young,Emotional; Heartwarming; crime; found family; heist; loyalty; magic,crime; found family; heist; loyalty; magic
80,Educational,Narrative,Intermediate,Adult,General Readers,,,acid; cooking; culinary; culinary technique; flavor; food science; heat; recipes; reference; salt,,,cooking; culinary technique; flavor; food science; recipes,acid; cooking; culinary; culinary technique; flavor; food science; heat; recipes; reference; salt,Educational; cooking; culinary technique; flavor; food science; recipes,cooking; culinary technique; flavor; food science; recipes
81,Educational; Inspirational,Academic; Conversational,Intermediate,Adult,Students; Professionals; Researchers,Critical Thinking; History,,adventure; idealism; into; isolation; nonfiction; story; true; true story; wild; wilderness,,,adventure; idealism; isolation; true story; wilderness,adventure; idealism; into; isolation; nonfiction; story; true; true story; wild; wilderness,Educational; Inspirational; adventure; idealism; isolation; true story; wilderness,adventure; idealism; isolation; true story; wilderness
82,Educational,Narrative,Intermediate,Adult,General Readers,,,family; graphic; historical; holocaust; maus; memoir; novel; trauma; world war ii,,,Holocaust; World War II; family; memoir; trauma,family; graphic; historical; holocaust; maus; memoir; novel; trauma; world war ii,Educational; Holocaust; World War II; family; memoir; trauma,Holocaust; World War II; family; memoir; trauma
83,Educational,Narrative,Intermediate,Adult,General Readers,,,cold war; conspiracy; deconstruction; graphic; morality; novel; superhero; superheroes; vigilantism; watchmen,,,Cold War; conspiracy; morality; superheroes; vigilantism,cold war; conspiracy; deconstruction; graphic; morality; novel; superhero; superheroes; vigilantism; watchmen,Cold War; Educational; conspiracy; morality; superheroes; vigilantism,Cold War; conspiracy; morality; superheroes; vigilantism
84,Thought-provoking; Dark,Poetic; Slow-paced,Advanced,Adult,Students; Researchers; General Readers,Critical Thinking; History; Communication,,africa; african; apart; classics; colonialism; fall; identity; literature; masculinity; things; tradition,,,Africa; colonialism; identity; masculinity; tradition,africa; african; apart; classics; colonialism; fall; identity; literature; masculinity; things; tradition,Africa; Dark; Thought-provoking; colonialism; identity; masculinity; tradition,Africa; colonialism; identity; masculinity; tradition
